Title,Company,Location,Description
Business Analyst- Child Support,CSG,Remote,"CSG Government Solutions is a national leader in planning, managing, and supporting complex projects that modernize the information technology and business processes of large government programs. Since 1997, we have applied our expertise, innovation, and results-oriented mindset to the most complex program modernization projects of over 200 government and other organizations including 48 state governments, the U.S. Department of Health and Human Services, the U.S. Department of Labor, and large"
Business Analyst,Talent Group,"Quincy, Massachusetts, USA","Position: Business Analyst Location: Greater Boston area, MA - Hybrid (Remote to start, but will at some point be in-office) Job Type: Contract Duration: 4 months to start Position Summary: The Business Analyst will report to the Functional Lead and closely work with the CP PMO Lead to support key programmatic initiatives ensuring deliverables are in line with the Program s goals and meet the objectives of the various business stakeholders. The BA is an active member in all phases of the projec"
Business Analyst,Randstad Digital,"Remote or Framingham, Massachusetts, USA","job summary: This position will be working on our Workforce Management solution within the Back of Stores domain. We are our supporting the implementation of Workday and this position will be assisting on the successful integration of our WFM platforms (WFC & PRO). In this role, the ideal candidate will: - Have experience with the UKG WFM (Kronos) platforms (WFC & PRO) (required) - Understand / have practiced the Agile delivery Methodology (required) - Used JIRA and Confluence to document s"
Business Systems Analyst with Portfolio Construction & experience supporting OMS systems/Hybrid,Yoh - A Day & Zimmerman Company,"Boston, Massachusetts, USA","Please send current resumes directly to Bhagyashree Yewle, Principal Lead Recruiter - YOH SPG LinkedIn: ; HYBRID ONSITE // Contract to Hire Business Systems Analyst with Portfolio Construction & experience supporting OMS systems Candidates requiring visa sponsorship are welcome to apply! Location: 3 days a week on site and ideally should be able to work between Boston & Needham MA offices. Boston is where 70% of the users are based. TOP MUST HAVE SKILLS 5-8+ years of experiencePortfolio const"
Business Analyst,RIIM,"Boston, Massachusetts, USA","Title: Business Analyst Location: Boston,MA (5 days onsite in a week) Duration: Contract (or) Full Time Job Description: We are looking for Business Analyst . Someone is good with Sql queries . Note: we are looking someone who worked with Product based company."
Business Analyst,GLOBAL IT CON LLC,"Andover, Massachusetts, USA","Business Analyst with strong SQL (Need to have worked for a Software Product Company) Location: Andover, MA Responsibilities: Develop functional requirements based upon high level business scenarios, strong ability to write agile style user stories and acceptance criteria.Establish communication plansacross multiple cross-functional teams and external vendors, provide frequent updates to important stakeholders to ensure deliverables and timelines meet set expectations.Perform other project relat"
Senior Business Analyst,Vimerse Infotech Inc,"Boston, Massachusetts, USA","Position Overview: We are seeking a highly analytical and detail-oriented senior Business Analyst to support our public sector clients in defining and delivering solutions that align with its business objectives. The ideal candidate will have experience managing the full Software Development Life Cycle (SDLC) and be adept at gathering requirements, analyzing business processes, and recommending optimal technical solutions. Knowledge of Salesforce technology is preferred. The role involves requi"
Business Analyst,"Advent Global Solutions, Inc.","Quincy, Massachusetts, USA","Title: Business Analyst Location: Quincy, MA/Hybrid Duration: 6 Months with a possible extension In-Person Interview Client Job Description Stay current on stakeholder needs and the program vision Serve as the custodian of program objectives and business requirements and assist in their realization Produce a variety of high-quality documents within stipulated timelines that are complete, universally acceptable, and effectively communicate objectives. ParticipateinandcontributetoJADworkshopswithb"
Business Analyst,Eliassen Group,"Boston, Massachusetts, USA","Description: Our client is seeking a Business Analyst. The Business Analyst will work with all members of the Sales Tech team to implement and support projects and systems for all Distribution personnel. The primary focus of this position is the administration, enhancement, support and integration of Sales and CRM systems. Due to client requirement, applicants must be willing and able to work on a w2 basis. For our w2 consultants, we offer a great benefits package that includes Medical, Dental"
Business Analyst,Apex Systems,"Quincy, Massachusetts, USA","Job#: 2064471 Job Description: Apex Systems is a world class technology services business that incorporates industry or insights and experience to deliver solutions that fulfill our clients' digital visions. Apex has an opportunity for a Business Analyst. For applicants who are interested in this opportunity, send your updated resume to Mike Konjoian, Account Manager, at . Here are the details: Position: Business Analyst Location? 100 Hancock Street, Quincy MA Duration: : 6 months w/ renewal"
Business Analyst with P&C - ISO,TekShapers,"Boston, Massachusetts, USA","Business Analyst with P&C - ISO Location: Boston, MA (Hybrid Day 1) Duration: Fulltime 8-10 years' experience in a Business Systems Analyst capacity supporting multiple projects/initiatives in the P & C Insurance domain, or equivalent related experience and/or training. Rating implementations based on ISO/ACCORD, should be able to understand and interpret ISO circulars and update changes in rating and underwriting systems. Strong communication/Interpersonal skills, able to understand and docum"
"Sr. Business Analyst - Pharmaceutical | Contract | Cambridge, MA - Locals Only",Alpha Business Solutions LLC,"Cambridge, Massachusetts, USA","Our direct client a large R&D focused global pharma company is seeking to hire for the role of Business Analyst - Strategy (contract) to work hybrid from their headquarters in Cambridge MA. Job Title: Business Analyst - Strategy Contract Duration: 6 months plus (possible long term) Location: Must be living in the commuting distance from 650 EK Kendall, Cambridge, MA. Hybrid: 2 days / week from office. Skills: Pharmaceuticals experience, Product Management, Business Analyst, Strategic planning,"
Business Analyst,Harvard University,"Cambridge, Massachusetts, USA","Position Description This is a fully benefited, full-time Harvard University position that has been through 6/30/26 at the latest. There is the possibility of renewal, contingent on funding, university priorities and satisfactory job performance. Harvard University Information Technology (HUIT) is a community of Information Technology professionals committed to delivering service and technological solutions in support of teaching, learning, research and administration. We are recruiting an IT"
Business Analyst,Parrish and Heimbecker,"Cambridge, Massachusetts, USA","Job DescriptionJob Description Business AnalystParrish & Heimbecker Join our team that shares your Passion & Heart for Canadian agriculture! Parrish & Heimbecker, Limited (P&H) has an opportunity for a motivated, forward-thinking, and dedicated individual as a Business Analyst in Cambridge, ON.Work and grow with a family-owned company. Join our team with Purpose & History! P&H s roots go back over 115 years. We have always been a Canadian, family-owned and managed agri-business that understands"
Business Analyst,Talent Group,"Boston, Massachusetts, USA","Hybrid work schedule - Need locals only. We are seeking a skilled and experienced Business Analyst to join our dynamic team. Minimum of 5 years of experience as a Business Analyst. Need experience in higher education sector or any Financial Aid. Proficiency in gathering and analyzing business requirements, with a track record of supporting successful IT implementations. Solid understanding of quality assurance principles and experience in testing tools and methodologies. Familiarity with data"
Business Analyst,Apex Systems,"Quincy, Massachusetts, USA","Job#: 2061838 Job Description: Job Summary: We are seeking a skilled Business Analyst to join our team on a 6-month contract. The successful candidate will plan, conduct, and direct the analysis of business problems to be solved with automated systems and applications. This role involves partnering with users to identify, evaluate, and develop systems and procedures that are cost-effective and meet user requirements. Key Responsibilities: Analyze business problems and develop automated systems"
Business Systems Analyst,Harvard University,"Cambridge, Massachusetts, USA","Position Description Reporting to the Associated Director, the Business Systems Analyst (BSA) will work as a Research Administration and Compliance Solutions team member to deliver software solutions to the research administration and research compliance community. Harvard University's research portfolio relies on a set of software applications, both custom and vendor-provided, supporting the research life-cycle. The team is responsible for designing and enhancing those IT systems and supportin"
Business Analyst,GLOBAL IT CON LLC,"Andover, Massachusetts, USA","Business Analyst role Location: Andover, MA Duration: 12+ months Pref:-Independent visa holder Business Analyst with strong SQL (Need to have worked for a Software Product Company) Responsibilities: Develop functional requirements based upon high level business scenarios, strong ability to write agile style user stories and acceptance criteria.Establish communication plansacross multiple cross-functional teams and external vendors, provide frequent updates to important stakeholders to ensure d"
Business Analyst,Swanktek,"Andover, Massachusetts, USA","Role: Business AnalystLocation: Andover, MADuration: 12+ months Business Analyst with strong SQL (Need to have worked for a Software Product Company) Responsibilities: Develop functional requirements based upon high level business scenarios, strong ability to write agile style user stories and acceptance criteria. Establish communication plans across multiple cross-functional teams and external vendors, provide frequent updates to important stakeholders to ensure deliverables and timelines mee"
"SR. BUSINESS ANALYST - Quincy, MA -Onsite/Hybrid","SoftHQ, Inc.","Quincy, Massachusetts, USA","Hi Greetings From SoftHQ Inc., Hope you are doing great, we have the following Position, If you are looking for job change please let me know. Job: Sr. Business Analyst Location: 100 Hancock St, Quincy, Massachusetts 02171 (Onsite-Hybrid): Locals Preferred Position Overview: Sr. Business Analyst (SBA) to liaison between the business community, the technical development team, and Cloud Rehosting Vendors. The business analyst will be mainly responsible for determining operational objectives by"
Business Analyst CI/CD DevOps,The Ceres Group,"Boston, Massachusetts, USA","You will join a team and play a key role in building and refining CICD systems that enable rapid innovation and delivery across our global platform. Your work will ensure that the development and operations teams can work seamlessly to meet client needs efficiently and at scale. Seeking several business analyst to lead our Continuous Integration and Continuous Deployment (CICD) teams. The role is focused on optimizing existing CICD processes, enabling modernization through Infrastructure as Code"
Business Analyst,LaSalle Network,Remote,"LaSalle Network is partnering with a 3PL company that delivers industry-leading logistics solutions that enable suppliers of Consumer-Packaged Goods (CPG) to produce unmatched levels of performance and supply chain optimization. From their customers' locations to retailer distribution centers and e-commerce fulfillment centers, they deliver retail logistics solutions. They are seeking an EDI Business Analyst with exposure to logistics and EDI to join their team. EDI Business Analyst Responsibili"
BUSINESS ANALYST,American Technology Consulting LLC,"Remote or Des Moines, Iowa, USA","About Us: American Technology Consulting (ATC) is a service-first tech company dedicated to helping businesses unlock their full potential through innovative technology solutions. We empower organizations to leverage data for smarter decisions and meaningful impact. At ATC, we foster a culture of growth and invite passionate individuals to join our team, contribute to impactful projects, and excel as data-driven problem solvers. We embrace diversity and welcome candidates from all educational an"
Business Analyst,Randstad Digital,"Remote or St. Petersburg, Florida, USA","job summary: We are looking for a Business Systems Analyst with a strong background in DevOps to join a high-profile project. This role will require deep collaboration with various stakeholders, team leadership, and innovative problem-solving to support key business operations and technology integration. You will also leverage your expertise in Agile Project Management, Azure DevOps (ADO), and/or JIRA to deliver effective business solutions. location: Saint Petersburg, Florida job type: Contra"
Business Systems Analyst,Vertisystem Inc.,Remote,"Key Responsibilities Develop a comprehensive mid-range vision and plan for HR technology that aligns with People & Places team s strategy, including talent management, workforce engagement, and process optimizationAnalyze current systems and find opportunities to use technology for enhanced efficiency, engagement, and outcomesCraft and maintain an architecture-level view of HR technology solutions, ensuring scalability, integration, and alignment with Enterprise IT standardsWork closely with HR"
Business Analyst,Oscar Technology,Remote,"Role: Financial Engineer Job Type: W2 or C2C Location: Remote (US) Rate: $50-60ph Duration: 2 years The Role: We're seeking a highly skilled Financial Engineer to join our team and play a critical role in developing and enhancing our financial products and risk management strategies. In this role, you'll leverage your expertise in finance, data analysis, and technology to solve complex business challenges. What You'll Do: Develop Cutting-Edge Solutions: Analyze financial data, identify tren"
Business Analyst,Shakti Solutions,"Remote or Atlanta, Georgia, USA","Over 10 Years of eperience as BA. We are looking for a skilled Business Analyst with strong Scrum Master capabilities to join our tech-driven team. The ideal candidate will have a solid background in IT project management, agile methodologies, and software development processes. This role requires proficiency in workflow modeling, JIRA management, project planning, and strong SQL skills for data integrity. You will collaborate with cross-functional teams to translate business needs into technica"
Business Analyst,Shakti Solutions,Remote,"Over 10 Years of Eperience as BSA. ROLE: BSA Experienced Business Analysts with strong functional expertise and domain knowledge in claims, particularly in the healthcare sector. Should have WGS claims eperience. Good Communication skills. Thanks and Regards, Aju Shakti Group Inc Phone: 03 278 8338 Email: Fax:"
Business Analyst,Innosoul inc,Remote,"Job ID: NC-756999 Remote/Local (Raleigh ONLY) SharePoint Designer/BA (12+) with BPR, technical writing, SCRUM/Agile, TFS experience Location: Raleigh, NC(NCDOT) Duration: 12 Months Skills: Proven Experience as a Business Analyst Required 5 Years Proven Experience as a SharePoint Business Analyst Highly desired 5 Years SharePoint design experience with Microsoft SharePoint lists, libraries and content types Required 5 Years Designing and testing SharePoint and web-based content management soluti"
Business Analyst,Collabera LLC,"Remote or New York, New York, USA","Day to day: Assist in configuration of company applications based on business requirements Interpret business needs and translate them into documented business, functional and technical requirements Work with business stakeholders to provide advice and guidance Assist in system analysis, design, development, and testing activities Assist in the preparation of, and maintenance of training material Play a part in ongoing support, particularly in the use of the insurance and sales platforms Partici"
Contact Center Business Analyst - Only W2 (Remote),SecureKloud Technologies Inc,Remote,"Job Title: Business Analyst (BA) Contact CentreLocation: Remote (US) Long term contract Job Description:Our client is seeking a highly skilled and motivated Business Analyst (BA) to join our team remotely. The ideal candidate will have experience working in Contact Centre environments, with a focus on Genesys and Interactive Voice Response (IVR) technologies. As a Business Analyst, you will be responsible for gathering business requirements, analyzing processes, and working closely with stakeho"
Business Analyst,"Unify Technologies, Inc.",Remote,Required Skills and Experience: Business Analyst Qualification: Master's/Bachelor's degree or equivalent in Computer Science related fields. Experience: 5+ years
Healthcare Business Analyst (Only Canada),The Walmer Group,Remote,"Business / Conformance Analyst experience in public sector healthcare entities (hospitals, agencies, Ministries, organizations)Knowledge of digital health and experience with digital health projectsKnowledge of digital health standards (HL7, FHIR)Knowledge of Canadian health regulations (PHIPPA, HIPPA, etc.)"
"Lead Business Analyst in Banking, FinTech",WB Solutions LLC,Remote,"Lead Business Analyst Location: Remote, USA Experience Level: 10+ Years. Description We are seeking a highly knowledgeable and experienced Subject Matter Expert (SME) in the Retail Banking, Corporate Banking, and associated Fintech sectors. He/She will work with the Customer point of contacts, Senior Client Engagement Managers and also the FinTEch partners at various stages in the engagement. The He/She will provide deep insights, strategic guidance, and expert knowledge to drive our software pr"
Cryptography Business Analyst,Shain Associates,Remote,"Cryptography Product Business Analyst at our large financial institution will be responsible for analyzing, evaluating, and implementing cryptographic solutions to ensure the security and integrity of our organization's data and communications. This role will involve working closely with various stakeholders to understand business requirements, design cryptographic systems, and provide expertise in encryption technologies. This role can be performed in a hybrid model, where you can balance work"
Business Analyst with GenAI,Next Gen IT Inc,Remote,"Job Description: Proven Experience: Extensive experience as a Business Analyst, supporting projects in Agile environments, particularly within the application development and technical program management domains, with a focus on AI-driven initiatives.Technical Expertise: Strong technical background with the ability to offer consultative guidance and bridge business requirements with engineering and AI development.Generative AI Knowledge: Deep understanding of Generative AI, Large Language Models"
Business Systems Analyst (BSA) Cashflow Project (W2 ONLY),Caliber Business Systems,"Boston, Massachusetts, USA","Job Title: Business Systems Analyst (BSA) Cashflow Project Location:Boston, MA (Onsite Monday-Wednesday) Duration:12+ Months Type: W2 ONLY Job Overview: We are seeking a highly skilledBusiness Systems Analyst (BSA)to support ongoingcashflow-related projectswithin the firmsClient Service, Operations, and Portfolio Construction Teams. This is ahighly visible rolewith direct exposure to multiple business units. The successful candidate will providedaily data analysis, application support, and pro"
Business Analyst ERP/Accounting _100% Remote - Looking for Visa independent candidates,Saksoft,Remote,"Senior Business Analyst ERP/Accounting Location: Remote Domain: Finance/Accounting Employment Type: Contract Client: Retail customer Looking for Visa independent candidates Job Summary:We are seeking a highly experienced Senior Business Analyst (BA) with expertise in ERP and Accounting to join our team. The ideal candidate will have a deep understanding of financial transactions, including credit, debit, sales orders, purchase orders, invoices, credit notes, and general ledger transactions. Thi"
"Business System Analyst, W-2 only(Credit card payment exp must)",Kellton,Remote,This role is with one of our direct clients and the role can be completely remote. This is a senior role and we need atleast 10 years experience . open to W-2 or C2C Credit Card experience is a must Business Systems Analyst Location: Remote - Manager prefers someone who can work EST hours The Opportunity: The Business Systems Analyst will make recommendations on tasks and techniques used to work as a liaison between technology and business side stakeholders with the goal of helping deliver n
Senior Workday Business Analyst,Selby Jennings,"Boston, Massachusetts, USA",A top private equity firm in Boston is looking to bring on a new Senior Business Systems Analyst to their Workday team. You'll be working alongside the top professionals to optimize Workday solutions. Responsibilities: - Gather and document business requirements for Workday Financial initiatives - Support UAT and system documentation - Drive system enhancements and provide analytical insights on Workday Qualifications: - Bachelor's degree - 3+ years of experience in a tech-functional role utiliz
Entry Level - Business Analyst,Helix Tech,"Remote or New York, New York, USA",Job Role : Business Analyst Location : NYC Duration : Fill Time
Senior Business Analyst,"Pyramid Consulting, Inc.",Remote,"Immediate need for a talented Senior Business Analyst. This is a 06+ Months Contract opportunity with long-term potential and is located in U.S.(Remote). Please review the job description below and contact me ASAP if you are interested. Job ID:25-60458 Pay Range: $38 - $40/hour. Employee benefits include, but are not limited to, health insurance (medical, dental, vision), 401(k) plan, and paid sick leave (depending on work location). Key Responsibilities: Elicit, analyze, document and manage"
Business Systems Analyst (Contact Center domain exp) - Remote,Nava Software Solutions,"Remote or Houston, Texas, USA","NAVA Software solutions is looking for a Business Systems Analyst (Contact Center domain exp) Details: Business Systems Analyst (Contact Center domain exp) Location: Remote Duration: 6 -12 months Experience with modern CCaaS platforms such as Five9, Amazon Connect, CXOne, etc The Business Systems Analyst is the bridge between business needs and technological solutions. They will gather and analyze requirements, design systems, improve processes, and ensure that technology aligns with business"
Accumulator SME BSA--Ashburn VA,Spar Information Systems,Remote or US,"Role: Accumulator SME BSA Location: Ashburn, VA/Remote Duration: 12+ Months BSA Accumulator SME Informatica Knowledge is great Job description: Looking for business systems analyst with over 10 years with experience in EDI, Eligibility, Encounter and claims. Resource should have in depth knowledge in US Healthcare. Seeking an experienced Business Analyst with expertise in Electronic Data Interchange (EDI) to drive key project deliverables. The role involves implementing inbound and outbound a"
Senior Workday Business Analyst,Selby Jennings,"Boston, Massachusetts, USA",A top private equity firm in Boston is looking to bring on a new Senior Business Systems Analyst to their Workday team. You'll be working alongside the top professionals to optimize Workday solutions. Responsibilities: - Gather and document business requirements for Workday Financial initiatives - Support UAT and system documentation - Drive system enhancements and provide analytical insights on Workday Qualifications: - Bachelor's degree - 3+ years of experience in a tech-functional role utiliz
Business Analyst (HealthCare),Visionary Innovative Technology Solutions,"Quincy, Massachusetts, USA","Role: Business Analyst (HealthCare) Location: Quincy, MA-Hybrid (2 to 3 days per week onsite) Duration: Contract At least 3 years of experience supporting a benefits management program s eligibility management processes Must have Skills/Attributes: Business Analysis, Healthcare, SDLC, SharePoint Required Education: Bachelor s Degree Required Experience, Knowledge and Skills: 9+ years of IT applications experience as a Business Analyst At least 2 years of experience supporting a benefits manageme"
Business Analyst - BA 25-20355,"Compu-Vision Consulting, Inc.","Quincy, Massachusetts, USA","Job Title: Business AnalystDuration: 6 Months (Tentative)Location: Quincy, MA (Hybrid) Project Summary:This project aims to enhance the constituent experience when interacting with eligibility and enrollment processes across various agencies. Through iterative improvements, the initiative will integrate processes into an Integrated Eligibility and Enrollment (IE&E) program, providing a unified view for constituents to apply, manage, and receive notifications for benefit programs. The project inc"
"Data Business Analyst- Quincy, MA",Ackerman Technologies,"Quincy, Massachusetts, USA","Position: Data Business Analyst Location: Quincy, MA (Day-1 Onsite) Duration: 6 Months with Possibility of extension Capable of creating presentations for regulators, audit, senior leadership associated with key outcomesBuild out processes and Standard Operating Procedures (SOP s)Role involves lot of stakeholder discussions, project co-ordination, sending out meeting notes and generate reportingThis is for migration from Hadoop to Databricks."
Technical Business Analyst W2,"ICS Global Soft, Inc.","Boston, Massachusetts, USA","Role: Technical Business Analyst Location: Boston, MA (Onsite) In-Person Interview This is a hybrid role, 3 days a week in office. Analysis: Generates all possible alternatives given the context of the opportunity/ issue Tries to quantify all business improvement opportunities. Makes quick and effective decisions Makes decisions on a basis of a holistic understanding Problem-solving Proficient problem-solving skills Identifies issues or causes for a problem and provides a recommended solution wi"
SharePoint Business Analyst (Local to North Carolina Preferred) | Remote Job| Webcam Interview,V Group Inc,"Remote or North Carolina, USA","For more details, please connect with Afra Aleem at Ext 112 or email him at Client: State of North Carolina Job Title: Business Analyst Duration: 12 Months Start Date: 03/03/2025 Location: 1020 Birch Ridge Dr. Raleigh, NC 27610 (Remote) Position Type: Contract Interview Type: Webcam Interview Only Ceipal ID: SNC_BA999_AF Department: State of North Carolina (NC DOT) Required Qualifications: Proven experience as a Business Analyst (5+ years) SharePoint experience with designing cu"
Senior Healthcare Business analyst/Product owner with some AI experience,"DATAMAXIS, Inc",Remote,"Job Summary: Collaborates with Product Owners to increase the value delivered to the Business units. Acting as a liaison between the Product Owner and Agile Team, elicits requirements and creates agile user stories while offering both technical analysis and alternative Business solutions. Performs testing of agile user stories and support the implementation of system changes. May lead and coordinate the mentoring and training of the Business Analyst Team on topics such as Business process, Busin"
Business Analyst UKG FP&A,"R Systems, Inc.",Remote,Looking for independent consultant who don t required sponsorship( W2 like and no H1B) Location: Remote role West Coast Duration: 12 months Job Description: Our client is in the process of implementing a new CRM and seeks 2 Business Analyst with Financial Planning & Analysis (FP&A) and Product Management background to help support the effort. These individuals need to be solidly experienced as they will be accountable for gathering requirements and translating these into steps required for sy
Qualtrics XM Discover Business Analyst,Nityo Infotech Corporation,Remote,"JD Qualtrics XM Discover Text Analytics Work with customers to define and document stakeholder s business requirements, understand key business challenges and develop the customer s vision into a value-based solution. Develop and leverage deep Qualtrics product knowledge to drive customer program maturity, platform adoption, and expansion opportunities. Build and maintain multi-level client stakeholder relationships to ensure customer health and to drive expansion within existing accounts as pro"
Business Systems Analyst - PME,Harvard University,"Remote or Boston, Massachusetts, USA","Position Description Reporting to the Director of Student Information Systems in IT, and working collaboratively with the Associate Director of PME Systems and Solutions and the Associate Registrar at HMS, the PME Business Systems Analyst will work closely with HMS and University constituents The Harvard Medical School Registrar's Office (HMS RO) supports the students, faculty, staff, and alumni of Harvard Medical School, inclusive of the Program in Medical Education (PME) and HMS Master's Prog"
BSA with QMS exp,Softnet Consulting Inc.,Remote,"BSA with QMS exp Loc: REMOTE WORK Duration: long term Expected Rate : $open/hr. on c2c JOB DUTIES AND RESPONSIBILITIES We are looking for a Business Systems Analyst (BSA) with expertise in Quality Management Systems (QMS), ideally with experience using ETQ, AssurX, or ComplianceQuest to join our team. The successful candidate will work within the Automotive and/or Semiconductor industries to enhance our quality management processes, ensuring that systems and solutions are aligned with regulator"
SAP Supply Chain Business Analyst,"SOAL Technologies, LLC.",Remote,"Key Responsibilities as a Contractor: (day to day of the role) Understand customer problems and anticipates their needs / Identifies client issues and approaches for determining potential solutions. Build proofs-of-concept (POC) for potential new solutions and technology Create and present functional and technical design including data analysis to business team, and seek feedback to influence solution design and approach Document functional business requirements, process flow diagrams, and busin"
Junior Business Analyst,Ellianse LLC,"Remote or Chicago, Illinois, USA","Position: Junior Business Analyst Full Time Multiple Locations : Chicago IL, Austin TX, Houston TX, Boston, MA ,NY, NJ, Washington DC, VA, NC, We are seeking a skilled and motivated Business Analyst to join our team. The ideal candidate will be responsible for analyzing business processes, identifying opportunities for improvement, and providing data-driven insights to support strategic decision-making. Key Responsibilities: Requirements Gathering: Collaborate with business stakeholders to unde"
Business Analyst - (Investment Operations),"Computer Merchant, Ltd., The","Boston, Massachusetts, USA","JOB TITLE: Business Analyst JOB LOCATION: Hybrid/Boston or Springfield. Boston Preferred WAGE RANGE*: $70-$76/hr. JOB NUMBER: 35742704 REQUIRED EXPERIENCE: Bachelor's degree in Finance, Business Administration, or a related field. 5+ years of experience as a Business Analyst within investment operations, trade lifecycle, or cash clearing environments. Strong understanding of trade flow processes, including trade execution, clearing, and settlement. Familiarity with industry-standard clear"
Sr. SAP FICO Business Analyst,DFND Security,Remote,"We are looking for a Sr. SAP FICO Business Analyst for a remote position expected to last at least 6-12 months and preferably a contract to hire. No 3rd parties and No sponsorship available. This role gives an opportunity to be a part of the current SAP S/4 HANA upgrade journey. Some more details are below. The SAP FICO Business Analyst will utilize business tools like process maps, value stream maps, data flow diagrams, functional requirement specifications and project management to govern docu"
Hybrid: Business Analyst with Data Bricks and Hadoop,Script2IT,"Quincy, Massachusetts, USA","We have a staffing position for experienced Business Analysts role with exposure in Hadoop and Databricks data mapping, requirements gathering etc. Capable of creating presentations for regulators, audit, senior leadership associated with key outcomesBuild out processes and Standard Operating Procedures (SOP s)Role involves lot of stakeholder discussions, project co-ordination, sending out meeting notes and generate reporting This is for migration from Hadoop to Databricks."
Business Analyst Security Master,The Ceres Group,"Boston, Massachusetts, USA","We are currently looking for a BA to work in our product team. This could be a contractor role or contract-hire. Target candidate: 5+ years financial servicesSolid reqs writing skills and experienceData mapping and data requirementsKnows SQL/ demonstrated skills for data analysis in relational dbSecurity master, issuer data expertiseBIG Plus for candidates with BBG security master and issuer data experience"
Sr. SAP FICO Business Analyst,DFND Security,Remote,"We are looking for a Sr. SAP FICO Business Analyst for a remote position expected to last at least 6-12 months and preferably a contract to hire. No 3rd parties and No sponsorship available. This role gives an opportunity to be a part of the current SAP S/4 HANA upgrade journey. Some more details are below. The SAP FICO Business Analyst will utilize business tools like process maps, value stream maps, data flow diagrams, functional requirement specifications and project management to govern docu"
Business Analyst CI/CD Dev Ops,The Ceres Group,"Boston, Massachusetts, USA","You will join our team and play a key role in building and refining CICD systems that enable rapid innovation and delivery across our global platform. Your work will ensure that our development and operations teams can work seamlessly to meet client needs efficiently and at scale. We are seeking several business analyst to lead our Continuous Integration and Continuous Deployment (CI/CD) teams. The role is focused on optimizing existing CI/CD processes, enabling modernization through Infrastruc"
Investment Business Analyst,eRichards Consulting,"Boston, Massachusetts, USA","Our excellent client is seeking an Investment Business Analyst for a 4 months+ HYBRID contract in Boston or Springfield. MUST BE ABLE TO WORK ON OUR W2. NO AGENCIES PLEASE. The ideal candidate will have a deep understanding of trade flows and cash clearing processes, coupled with strong analytical and communication skills to bridge the gap between business stakeholders and technical teams. Lead requirements definition sessions ensuring that the team articulates requirements and specifications. U"
Business Analyst Cash Flow,The Ceres Group,"Boston, Massachusetts, USA","As a member of the IT group, the contract Senior Business Analyst will assume responsibility for supporting ongoing cashflow-related projects within the firm s various Client Service, Operations, and Portfolio Construction Teams. This highly visible position will have direct exposure to many business groups and provide daily data analysis, application support, and project support for existing and new projects. The ideal candidate should have a strong background in business systems analysis, part"
BA with Commerce (CCW) - Remote - Only on W2,XFORIA Inc,Remote,"Job Details: Business Analyst - Commerce (CCW) Remote Contract on W2 Job Description: Responsibilities of BA - CCW: Need to have hands on experience in CCW/CCWR processes, and system functionality.Looking for someone who knows the CCW/CCWR interface, can review Jira changes and understand what they mean to our internal and external stakeholders.Then create communications, training materials, and presentations then speak to them in simple terms."
Duck Creek Business Analyst,Optime Tech,Remote,"Duck Creek Business Analyst (Policy) 100% Remote ( In United States) 12+ Month Contract Business Analyst in the insurance domain (preferably P&C Insurance). Job Details: Hands-on experience with Duck Creek Policy, Billing, Claims, or Insights modules. Familiarity with Duck Creek Author, Forms, and Rating is highly desirable. Proficiency in documenting requirements using tools like JIRA, Confluence, or other project management tools. Knowledge of integration workflows, APIs, and web services"
Salesforce Business Analyst,Smart Synergies,Remote,"100% Remote Our client is seeking a highly motivated and experienced hands-on Salesforce Business Analyst to join the Enterprise Applications Business Analyst team. This role involves leading and contributing to critical business initiatives through effective process enablement and collaboration. As a Salesforce Business Analyst, you would analyze business processes, gather requirements, design Salesforce solutions, test solutions, and may manage small projects. The ideal candidate would also ha"
Business Systems Analyst (Payment Industry ),AgreeYa Solutions,Remote,"Job Title: Business Systems Analyst - Level Location: Remote Duration: 12 months 48706-1 Description: Reviews, analyzes, and evaluates user needs to create systems solutions that support overall business strategies. Documents system requirements, defines scope and objectives, and creates system specifications that drive system development and implementation. Incumbents function as a liaison between IT and users and have both business and technical expertise. Required Skills: [Payment Industry E"
ServiceNow Business Analyst / Scrum Master,TalTeam,Remote,"Position : ServiceNow Business Analyst / Scrum Master Location : Reston Virginia Direct Client Requirement Job Summary: Facilitate requirements gathering workshops, stakeholder meetings, and user story writing sessions to capture business needs and priorities. Translate business requirements into clear and concise user stories, acceptance criteria, and sprint backlog items. Collaborate with development teams to ensure alignment between business needs and technical solutions. Serve as a scrum m"
"Business Analyst (Government project) - Hybrid role - Baton Rouge, LA",Acnovate Corporation,"Remote or Baton Rouge, Louisiana, USA","Business Analyst (Government project) Hybrid role - Baton Rouge, LA Long term Contract Analyze and document ECE s business functions and processes, including areas where cross-functional collaboration across agency departments is critical; Analyze the integration of ECE s business functions with LDOE systems of record; Maintain a working knowledge of accounting, procurement, finance or contract management; Assist with business case development and business process reengineering; Consult with ma"
Business Systems Analyst / Data Analyst with IBOR / ABOR or Reference Data - Boston,Yoh - A Day & Zimmerman Company,"Boston, Massachusetts, USA","Please contact Renu Goel Please do not send resume without IBOR/ABOR or reference data exp Position Overview: We are looking for an experienced Business Systems / Data Analyst to lead analysis and design activities for a replatforming project centered around reference and master data management across multiple workstreams. This role is crucial in understanding complex data systems, writing detailed requirements, and collaborating closely with business users to deliver solutions. If you have a s"
System Business Analyst,"NTT DATA Americas, Inc","Remote or Plano, Texas, USA","About NTT DATA:NTT DATA is a $30 billion trusted global innovator of business and technology services. We serve 75% of the Fortune Global 100 and are committed to helping clients innovate, optimize and transform for long term success. As a Global Top Employer, we have diverse experts in more than 50 countries and a robust partner ecosystem of established and start-up companies. Our services include business and technology consulting, data and artificial intelligence, industry solutions, as well"
Technical Business Analyst - Salesforce,Software Guidance & Assistance,"Boston, Massachusetts, USA","Software Guidance & Assistance, Inc., (SGA), is searching for a Business Analyst for a CONTRACT assignment with one of our premier Financial Services clients in Boston, MA. Responsibilities: Work closely with other members of the team to perform data analysis, solutions design, testing, and release management across multiple systems Assist team members in evaluating and implementing vendor tools and processes. Ability to work with non-technical end users to interpret and document user requir"
Senior Business Analyst,"NTT DATA Americas, Inc","Remote or Pittsburgh, Pennsylvania, USA","About NTT DATA: NTT DATA is a $30 billion trusted global innovator of business and technology services. We serve 75% of the Fortune Global 100 and are committed to helping clients innovate, optimize and transform for long term success. As a Global Top Employer, we have diverse experts in more than 50 countries and a robust partner ecosystem of established and start-up companies. Our services include business and technology consulting, data and artificial intelligence, industry solutions, as well"
Business Analyst with Oracle R12 is preferred,Everest Technologies,Remote,"3-5+ yrs of experience performing business analysis within a large enterprise covering both business and information technology domainsAbility to use querying languages to extract and analyze data (e.g. SQL)3-5+ yrs of experience working with a major ERP system, Oracle R12 preferredFunctional knowledge in as many of the following as: P2P, OTC, Project Accounting, Inventory, WIP, BOM"
Clinical Business Analyst - Remote,Vaco Technology,Remote,"This is W2 contract opportunity. No C2C allowed. We are seeking a Clinical Business Analyst (BA) with experience in Care Management (CM) and Utilization Management (UM). The BA will act as a bridge between business and IT, supporting new market implementations and expansions. Role Focus: Not highly technical but must understand clinical processes. Work Model: Primarily remote, minimal travel. Contract Duration: Long-term (through 2026+) Key Responsibilities 1. Care Management & Utilization Man"
Salesforce Business Analyst,Aditi Consulting,"Remote or Dallas, Texas, USA","Job Title Salesforce Business Analyst Request #57415-1 Location: Remote Duration - Thru end of year (2025); possibility to be extended Education & Experience Required: This position requires an accredited, four-year Marketing, Business, or Technology degree, a closely related technical degree, or equivalent experience. plus 5+ overall years professional expMasters degree with 3+ years overall professional experienceAssociates degree/ No degree they will need at a minimum 7+ years of relevan"
Mainframe Business analyst,Data Capital Inc,"Quincy, Massachusetts, USA","Applicant should have a strong legacy mainframe background. Position requires writing of functional requirements, researching application functionality and recommending development solutions to a third-party development team. Knowledge and previous experience utilizing COBOL, Easytrieve, IMS, VSAM, JCL, SQL and DB2 is desirable. Actual development work will not be required. Position requires overseeing development activities and reviewing test results by a third-party vendor. Conducting UAT with"
Business Analyst - Salesforce CPQ & OTC,"Ekman Associates, Inc.","Remote or Chicago, Illinois, USA","Job DescriptionTitle: Business Analyst (Financial / Salesforce CPQ & OTC) Location: RemoteEkman Associates is a management consulting firm that specializes in developing business, digital, and technology strategy, delivering solutions, and addressing human resource demands.SUMMARY: Seeking a highly analytical Data Analyst with Data Extraction Analysis experience and with Accounting knowledge/experience to extract and analyze financial/accounting data from various systems (including Salesforce)."
Senior Data Developer/Business Analyst,"Judge Group, Inc.","Quincy, Massachusetts, USA","Location: Quincy, MA Salary: $65.00 USD Hourly - $70.00 USD Hourly Description: Our client is currently seeking a Senior Data Developer/Business Analyst in Quincy, MA (Hybrid) The ideal candidate is an expert in project requirement analysis, data management and analysis, collaboration with internal and external stakeholders, documentation of requirements, translation of business requirements to technical specs, presentations and project management when needed. You can clearly articulate an"
"REDCAP APPLICATIONS DEVELOPER/BUSINESS ANALYST, BEDAC",Boston University,"Boston, Massachusetts, USA","Job Description Job Description We are seeking a REDCap Applications Developer/Business Analyst (BA) who will serve as the technical lead for the development of REDCap systems in our research-computing environment. The role of a business analyst requires the development of system requirements and specifications, entity relationship, work and data flow diagrams, data dictionaries and testing plans. The role of this developer requires the development and validation of clinical systems. The positi"
Jr. Business Systems Analyst,Information Technology Group,Remote,"Under limited supervision, the Business Systems Analyst supports IT goals and objectives by working closely with Project Managers, IT Managers, and business stakeholders to ensure application development and implementation meets the business requirements. Work with internal and external off-site Project Managers, Technical Designers and Developers, and other key stakeholders to identify and document requirements and use cases in a manner that is accurate and meaningful to business and IT profess"
Business Analyst (Independents only),"Primesoft, Inc","Remote or New York, New York, USA","Greetings from Primesoft Inc!!Hope you are doing well!! Business Analyst Remote Experience as a Business Analyst in a fast-paced, data-driven environmentSQL skills with the ability to write complex queries and manipulate large datasetsExcellent communication skills, with the ability to translate technical concepts to non-technical audiencesStrong analytical and problem-solving skills with attention to detail Regards Naveen P naveen dot p at primesoftinc dot com"
Card Payments Business Analyst ::: Full Time role ::: Only EST or CST candidates,REDLEO SOFTWARE INC.,Remote,"Role: Payments Business Analyst Remote Summary: THE CLIENT Pay Later One Time Payments and Recurring Payments THE CLIENT Pay Later One Time Payments and Recurring Payments THE CLIENT Pay Later Waived Interest One Time Payments and Recurring Payments THE CLIENT Pay Later Intro Rate Loan One Time Payments and Recurring Payments CLIENT One Time Payments CLIENT Recurring Payments Revolving Bill Pay Revolving Autopay Enrollment, Modification, and Unenrollment Revolving Autopay Limited Series Enro"
IAM Business Analyst,Oxford Global Resources,Remote,"IAM business analyst Location: REMOTE (CST Business hours) Length: 12 months + potential extensions Client is seeking a business analyst for staff augmentation to help with day to day operations and overall analysis of their existing access roles structures, gathering facts, meeting with stakeholders, using tools to gather information, applying PowerBI, and reviewing Roles Based Access Controls (RBAC). The ticketing system they use is Cherwell and while the client doesn t require previous experi"
Business Analyst - Senior,TalentBurst,"Framingham, Massachusetts, USA","Title: Business Analyst Duration: 12+ Months Location: Framingham, MA (Remote) 1 year contract with the potential to extend Contract to perm talent only (no open FTE at this time) This position will be working on our Workforce Management solution within the Back of Stores domain. We are our supporting the implementation of Workday and this position will be assisting on the successful integration of our WFM platforms (WFC & PRO). In this role, the ideal candidate will: - Have experience wit"
Senior Business Systems Analyst,Harvard University,"Cambridge, Massachusetts, USA","Position Description Harvard University Information Technology (HUIT) is a community of Information Technology professionals committed to delivering service and technological solutions in support of teaching, learning, research and administration. Our mission is to make it easier for faculty, students, and staff to teach, research, learn, and work through the effective use of information technology. We are recruiting an IT workforce that has both breadth in their ability to collaborate and inno"
Technical Business Analyst,Prutech Solutions,Remote,"Role: Technical Business Analyst Location: Charlotte, NC - Remote Long Term Contract ACH technology (Top Priority) Candidate should understand ACH (Primarily fulfilling) ACH is one of the payment Channels and has worked on Fiserv-PEP+The candidate needs to analyze the bank's current system, support existing day-to-day troubleshooting, define requirements, and document them as part of a backlog that would help define modernization with a new tech stack.Candidate should come from the domain side"
Healthcare Business Analyst,Mindlance,Remote,"Business Analyst Location - Baltimore, Maryland Duration: 12 Months contract Job Description Healthcare Experience - with Enrollment Facets Experience Data analysis Advanced excel (perf)"
Business Systems Analyst & Configuration Specialist,TalentFish LLC,Remote,"Job Title: Business Systems Analyst & Configuration Specialist Position: Contract 6+ Months (Potential for full-time hire after contract*) Location: Remote US, Chicago Area Preferred *This is a 6+ month contract with potential for full-time hire conversion after contract. Candidates open potential full-time must be able to work hybrid onsite in Chicago, IL 2-days per week after full-time conversion. TalentFish is seeking a Business Configuration Analyst PM/BA for a remote contract role with p"
Financial Business Analyst,Eliassen Group,"Framingham, Massachusetts, USA","Description: Applicants must be local to Framingham MA area. Our client is seeking a Financial Business Analyst. This is a contract to hire opportunity. Applicants must be willing and able to work on a w2 basis and convert to FTE following contract duration. For our w2 consultants, we offer a great benefits package that includes Medical, Dental, and Vision benefits, 401k with company matching, and life insurance. Rate: $55 - $65 / hr. w2 Responsibilities: Perform financial planning and anal"
Technical Business Analyst,Eliassen Group,"Framingham, Massachusetts, USA","Description: Applicants must be local to Framingham MA area. Our client is seeking a Technical Business Analyst. This is a contract to hire opportunity. Applicants must be willing and able to work on a w2 basis and convert to FTE following contract duration. For our w2 consultants, we offer a great benefits package that includes Medical, Dental, and Vision benefits, 401k with company matching, and life insurance. Rate: $55 - $65 / hr. w2 Responsibilities: Develop and execute intermediate-lev"
Business Analyst,"Zachary Piper Solutions, LLC",Remote,"Piper Companies is seeking a Business Analyst for a pharmaceutical marketing organization in a 100% remote capacity. This is a 4-6 month contract opportunity. The Business Analyst will support the integration of Salesforce Marketing Cloud with a large internally built data lake. Responsibilities of the Business Analyst: Collaborate with stakeholders to understand business needs and translate them into clear requirements. Gather, analyze, and document business and technical requirements for sys"
Business Analyst (Finance),Oxford Global Resources,"Remote or Dodgeville, Wisconsin, USA","Role: Business Analyst (Finance) Start: 3/10 LOA: 5-6 months Location: Remote - if local/regional to WI onsite 1x/month Situation: Client is seeking a Business Analyst to join their team. They are heading into the Testing Phase of an SAP implementation and a Manhattan WMS implementation with go live dates of 8/1. This candidate will be working within an existing workstream and joining the project as they head into testing. They will be managing documentation, requirements gathering, reporting, a"
Business Analyst,Hirekeyz,Remote,"Role: Business Analyst Location: Remote Job Type: Full Time Job Description:Business Analyst with: EDI + 834,835,837Minimum of 8 or more years of related work experienceStrong analytical skillsKnowledge of Healthcare industry"
Business analyst,"TekLeaders, Inc","Remote or Canada, Kentucky, USA","Hi, Please check the below position and get back to me asap. Senior BA - Canada - remote Long term Programming Skills in Sql Heathcare Logistics and scheduling EXP"
SAP Business System Analyst,Kavyos Consulting Inc,"Mansfield, Massachusetts, USA","The Senior Business Systems Analyst is responsible for ensuring that all Corporate Business Systems meet the Corporate reporting requirements. This position collaborates with IT and Global Accounting Teams to evaluate business needs and develop and enforce procedures and policies. The ideal candidate for this position will have Accounting and SAP FICO experience as well as a strong understanding of Lease Accounting (ASC 842 / IFRS16). This person shows an eagerness to learn and support, both Lea"
Business Systems Analyst,Montek System,Remote,"BSA with QMS exp Location: US Remote Domain Must: Automotive or Semiconductor Business Systems Analyst (BSA) with expertise in Quality Management Systems (QMS), ideally with experience using ETQ, AssurX, or ComplianceQuest to join our team. The successful candidate will work within the Automotive and/or Semiconductor industries to enhance our quality management processes, ensuring that systems and solutions are aligned with regulatory standards and business needs. Collaborate with key stakeholde"
Business Analyst,Cloud Bigdata,"Remote or Chicago, Illinois, USA","Role Description: BA will be responsible for creating and reviewing Use Case, writing requirements, etc. Must have broad experience in agile software development methodologies and must be familiar with SDLC Must have good experience working with business and technology teams to deliver top digital experiences Must have good work experience in assisting Product Owners and Product Managers in documenting the business process and creation of epics, features and user stories to be consumed by techno"
100% Remote - Only W2 - Business Systems Analyst with CBAP certification,Ledelsea,Remote,"Need to have CBAP certification - Position: Business Systems Analyst Location: 100% Remote - St. Paul, MN 55106 Duration: 6+Months Start Date: March 1, 2025 Minimum of 5 years of experience as a BA (highly skilled in gathering and documenting business requirements, and excellent communication skills both written and verbal) Experience with one or more of these tools: Drupal, WordPress or Sitecore Experience in working on web-based platform or content management system projects. Experience with"
